node_id,name,lat,lon,layer,type,region,Df,Hf,Cf,metro_line
MYP_Metro,Miyapur,17.4965452,78.3730262,metro,station,R5,1.1,1.0,1.1,Red
JNT_Metro,JNTU College,17.4987037,78.3888668,metro,station,R5,1.1,1.0,1.1,Red
KPH_Metro,KPHB Colony,17.4937602,78.4018258,metro,station,R5,1.1,1.0,1.1,Red
KUK_Metro,Kukatpally,17.4849033,78.4117896,metro,station,R5,1.1,1.0,1.1,Red
BLR_Metro,Balanagar,17.4767464,78.4221082,metro,station,R5,1.1,1.0,1.1,Red
MSP_Metro,Moosapet,17.4718855,78.4261182,metro,station,R5,1.1,1.0,1.1,Red
BTN_Metro,Bharat Nagar,17.4629092,78.4305364,metro,station,R5,1.1,1.0,1.1,Red
ERA_Metro,Erragadda,17.4570487,78.4335811,metro,station,R4,1.3,1.2,1.2,Red
ESI_Metro,ESI Hospital,17.4486969,78.4376283,metro,station,R3,1.2,1.1,1.2,Red
SRN_Metro,S. R. Nagar,17.4431205,78.4407241,metro,station,R3,1.2,1.1,1.2,Red
AME_Metro,Ameerpet,17.4357214,78.4447933,metro,station,R3,1.2,1.1,1.2,Red+Blue
PUN_Metro,Panjagutta,17.4289362,78.450955,metro,station,R3,1.2,1.1,1.2,Red
IRM_Metro,Erra Manzil,17.4202292,78.4563489,metro,station,R3,1.2,1.1,1.2,Red
KHA_Metro,Khairatabad,17.4116323,78.4608678,metro,station,R3,1.2,1.1,1.2,Red
LKP_Metro,Lakdi-ka-pul,17.4040433,78.4649442,metro,station,R3,1.2,1.1,1.2,Red
ASM_Metro,Assembly,17.3979907,78.4708797,metro,station,R2,1.5,1.2,1.4,Red
NAM_Metro,Nampally,17.392222,78.4701612,metro,station,R2,1.5,1.2,1.4,Red
GAB_Metro,Gandhi Bhavan,17.3858253,78.4733347,metro,station,R2,1.5,1.2,1.4,Red
OMC_Metro,Osmania Medical College,17.3820769,78.4817011,metro,station,R2,1.5,1.2,1.4,Red
MGB_Metro,Mahatma Gandhi Bus Station,17.3797886,78.4861571,metro,station,R2,1.5,1.2,1.4,Red+Green
MKL_Metro,Malakpet,17.3771888,78.4939356,metro,station,R2,1.5,1.2,1.4,Red
NEM_Metro,New Market,17.3734454,78.5031791,metro,station,R2,1.5,1.2,1.4,Red
MSB_Metro,Musarambagh,17.3710873,78.5119545,metro,station,R2,1.5,1.2,1.4,Red
DSN_Metro,Dilsukh Nagar,17.3685493,78.5253873,metro,station,R7,0.8,1.0,1.0,Red
CHP_Metro,Chaitanyapuri,17.3681501,78.5381335,metro,station,R7,0.8,1.0,1.0,Red
VOM_Metro,Victoria Memorial,17.3618565,78.5439622,metro,station,R7,0.8,1.0,1.0,Red
LBN_Metro,L. B. Nagar,17.349846,78.5479412,metro,station,R7,0.8,1.0,1.0,Red
SUB_Metro,Sultan Bazar,17.3844473,78.4840241,metro,station,R2,1.5,1.2,1.4,Green
NAR_Metro,Narayanaguda,17.3943658,78.4899578,metro,station,R2,1.5,1.2,1.4,Green
CDP_Metro,Chikkadpally,17.4003634,78.4948964,metro,station,R3,1.2,1.1,1.2,Green
RTC_Metro,RTC Cross Roads,17.4070321,78.4968023,metro,station,R3,1.2,1.1,1.2,Green
MSH_Metro,Musheerabad,17.4178744,78.4995051,metro,station,R3,1.2,1.1,1.2,Green
GNH_Metro,Gandhi Hospital,17.4255155,78.501956,metro,station,R1,1.4,1.3,1.3,Green
SCR_Metro,Secunderabad West,17.4338034,78.4995181,metro,station,R1,1.4,1.3,1.3,Green
JBS_Metro,JBS Parade Ground,17.4444775,78.497584,metro,station,R1,1.4,1.3,1.3,Red+Green
NAG_Metro,Nagole,17.3907683,78.5588222,metro,station,R6,0.9,1.0,1.0,Blue
UPL_Metro,Uppal,17.4000665,78.5601868,metro,station,R6,0.9,1.0,1.0,Blue
STD_Metro,Stadium,17.4074002,78.5542531,metro,station,R6,0.9,1.0,1.0,Blue
NGR_Metro,NGRI,17.4148264,78.5463345,metro,station,R6,0.9,1.0,1.0,Blue
HSG_Metro,Habsiguda,17.42018,78.540548,metro,station,R6,0.9,1.0,1.0,Blue
TAR_Metro,Tarnaka,17.4274418,78.5300079,metro,station,R1,1.4,1.3,1.3,Blue
MET_Metro,Mettuguda,17.4355207,78.5195754,metro,station,R1,1.4,1.3,1.3,Blue
SEC_E_Metro,Secunderabad East,17.4357184,78.5054623,metro,station,R1,1.4,1.3,1.3,Blue
PRG_Metro,Parade Ground,17.4431943,78.4974687,metro,station,R1,1.4,1.3,1.3,Blue
PAR_Metro,Paradise,17.4434668,78.4862436,metro,station,R1,1.4,1.3,1.3,Blue
ROP_Metro,Rasoolpura,17.443612,78.4764053,metro,station,R3,1.2,1.1,1.2,Blue
PRN_Metro,Prakash Nagar,17.4448889,78.4658749,metro,station,R3,1.2,1.1,1.2,Blue
BEG_Metro,Begumpet,17.4375661,78.4569341,metro,station,R3,1.2,1.1,1.2,Blue
MUN_Metro,Madhura Nagar,17.4369652,78.4390993,metro,station,R3,1.2,1.1,1.2,Blue
YUG_Metro,Yusufguda,17.4351132,78.4273216,metro,station,R4,1.3,1.2,1.2,Blue
JR5_Metro,Road No 5 Jubilee Hills,17.4300489,78.4232069,metro,station,R4,1.3,1.2,1.2,Blue
JCP_Metro,Jubilee Hills Checkpost,17.4281969,78.4137145,metro,station,R4,1.3,1.2,1.2,Blue
PED_Metro,Peddamma Gudi,17.4306512,78.4083721,metro,station,R4,1.3,1.2,1.2,Blue
MAD_Metro,Madhapur,17.4372637,78.4004257,metro,station,R4,1.3,1.2,1.2,Blue
DGC_Metro,Durgam Cheruvu,17.4429466,78.3875721,metro,station,R4,1.3,1.2,1.2,Blue
HTC_Metro,HITEC City,17.4490055,78.3831376,metro,station,R4,1.3,1.2,1.2,Blue
RDG_Metro,Raidurg,17.442,78.3772038,metro,station,R4,1.3,1.2,1.2,Blue
RCPT_MMTS,RAMACHANDRAPURAM TS,17.511305,78.28248,mmts,station,R5,1.1,1.0,1.1,
BHEL_MMTS,BHEL HALT,17.502301,78.282051,mmts,station,R5,1.1,1.0,1.1,
TLPR_MMTS,TELAPUR,17.474877,78.284883,mmts,station,R4,1.3,1.2,1.2,
LPI_MMTS,LINGAMPALLI,17.483083999999998,78.31698399999998,mmts,station,R4,1.3,1.2,1.2,
BMT_MMTS,BEGUMPET,17.43868,78.45817,mmts,station,R3,1.2,1.1,1.2,
SC_MMTS,SECUNDERABAD,17.43374,78.50158,mmts,station,R1,1.4,1.3,1.3,
HYB_MMTS,HYDERABAD,17.39245,78.46759,mmts,station,R2,1.5,1.2,1.4,
KCG_MMTS,KACHEGUDA,17.389651,78.49984599999998,mmts,station,R2,1.5,1.2,1.4,
MJF_MMTS,MALKAJGIRI,17.448022,78.529236,mmts,station,R1,1.4,1.3,1.3,
UR_MMTS,UMDANAGAR,17.263162,78.393373,mmts,station,R2,1.5,1.2,1.4,
MED_MMTS,MEDCHAL,17.63995,78.47528,mmts,station,R5,1.1,1.0,1.1,
MXT_MMTS,MALAKPET,17.37664,78.4948,mmts,station,R2,1.5,1.2,1.4,
FM_MMTS,FALAKNUMA,17.33272,78.47516,mmts,station,R2,1.5,1.2,1.4,
BDVL_MMTS,BUDVEL,17.3098373,78.4249782,mmts,station,R2,1.5,1.2,1.4,
BMO_MMTS,BOLARUM,17.5332793,78.5151467,mmts,station,R1,1.4,1.3,1.3,
CHZ_MMTS,CHARLAPALLI,17.458072,78.60601899999997,mmts,station,R6,0.9,1.0,1.0,
STPD_MMTS,SITAFALMANDI,17.42839,78.51961,mmts,station,R1,1.4,1.3,1.3,
GWV_MMTS,GOWDAVALLI,17.61075,78.46827,mmts,station,R5,1.1,1.0,1.1,
LKPL_MMTS,LAKDIKAPUL,17.403717999999998,78.463197,mmts,station,R3,1.2,1.1,1.2,
KQD_MMTS,KHAIRATABAD,17.41298,78.46106,mmts,station,R3,1.2,1.1,1.2,
NLRD_MMTS,NECKLACE ROAD,17.423578,78.463111,mmts,station,R3,1.2,1.1,1.2,
NCHS_MMTS,NATURE CURE HOSPITAL,17.44572,78.45221,mmts,station,R3,1.2,1.1,1.2,
FNB_MMTS,FATEHNAGAR,17.45588,78.45008,mmts,station,R3,1.2,1.1,1.2,
BTNR_MMTS,BHARATNAGAR,17.46256,78.43016,mmts,station,R4,1.3,1.2,1.2,
BRBD_MMTS,BORABANDA,17.45918,78.40782,mmts,station,R4,1.3,1.2,1.2,
HTCY_MMTS,HITECH CITY,17.46978,78.38524100000002,mmts,station,R4,1.3,1.2,1.2,
HFZ_MMTS,HAFIZPETA,17.482695,78.363075,mmts,station,R5,1.1,1.0,1.1,
CDNR_MMTS,CHANDANAGAR,17.48738,78.33271,mmts,station,R5,1.1,1.0,1.1,
HPG_MMTS,HUPPUGUDA,17.34132,78.48244,mmts,station,R2,1.5,1.2,1.4,
YKA_MMTS,YAKUTPURA,17.36001,78.49207,mmts,station,R2,1.5,1.2,1.4,
DQR_MMTS,DABIRPURA,17.36659,78.49037,mmts,station,R2,1.5,1.2,1.4,
VAR_MMTS,VIDYA NAGAR,17.40218,78.51121,mmts,station,R3,1.2,1.1,1.2,
JOO_MMTS,JAMAI OSMANIA,17.4116,78.51839,mmts,station,R1,1.4,1.3,1.3,
ATC_MMTS,ARTS COLLEGE,17.41846,78.519995,mmts,station,R1,1.4,1.3,1.3,
JET_MMTS,JAMES STREET,17.43287,78.48722,mmts,station,R3,1.2,1.1,1.2,
SJVP_MMTS,SANJEEVAIAH PARK,17.43561,78.47672,mmts,station,R3,1.2,1.1,1.2,
LGDH_MMTS,LALAGUDA GATE,17.440775,78.524823,mmts,station,R1,1.4,1.3,1.3,
DYE_MMTS,DAYANAND NAGAR,17.456537,78.53164,mmts,station,R1,1.4,1.3,1.3,
SFX_MMTS,SAFILGUDA,17.461531,78.53296999999998,mmts,station,R1,1.4,1.3,1.3,
RKO_MMTS,RMKRSHNAPRM GTE,17.476719,78.52889300000002,mmts,station,R1,1.4,1.3,1.3,
AMQ_MMTS,AMMUGUDA,17.486829,78.527005,mmts,station,R1,1.4,1.3,1.3,
CVB_MMTS,CAVALRY BARRCKS,17.494934,78.51889399999997,mmts,station,R1,1.4,1.3,1.3,
ALW_MMTS,ALWAL HALT,17.505289,78.514516,mmts,station,R1,1.4,1.3,1.3,
BOZ_MMTS,BOLARUM BAZAR,17.51764,78.51568,mmts,station,R1,1.4,1.3,1.3,
NSVP_MMTS,NPA SHIVRAMPALLI,17.32359,78.4374,mmts,station,R2,1.5,1.2,1.4,
GDPL_MMTS,G POCHAMPALLI,17.56896,78.48779,mmts,station,R5,1.1,1.0,1.1,
Bus_Secunderabad,Secunderabad Bus Hub,17.444,78.501,bus,hub,R1,1.4,1.3,1.3,
Bus_MGBS,MGBS Bus Hub,17.38,78.486,bus,hub,R2,1.5,1.2,1.4,
Bus_Ameerpet,Ameerpet Bus Hub,17.436,78.445,bus,hub,R3,1.2,1.1,1.2,
Bus_Dilsukhnagar,Dilsukhnagar Bus Hub,17.369,78.525,bus,hub,R7,0.8,1.0,1.0,
Bus_Kukatpally,Kukatpally Bus Hub,17.485,78.412,bus,hub,R5,1.1,1.0,1.1,
Bus_LB_Nagar,LB Nagar Bus Hub,17.35,78.553,bus,hub,R7,0.8,1.0,1.0,
Bus_Uppal,Uppal Bus Hub,17.407,78.56,bus,hub,R6,0.9,1.0,1.0,
Bus_Lakdi-ka-pul,Lakdi-ka-pul Bus Hub,17.404,78.465,bus,hub,R3,1.2,1.1,1.2,
Bus_Jubilee_Hills,Jubilee Hills Bus Hub,17.426,78.409,bus,hub,R4,1.3,1.2,1.2,
Bus_Mehdipatnam,Mehdipatnam Bus Hub,17.393,78.435,bus,hub,R2,1.5,1.2,1.4,
Bus_Charminar,Charminar Bus Hub,17.361,78.475,bus,hub,R2,1.5,1.2,1.4,
Bus_Afzalgunj,Afzalgunj Bus Hub,17.383,78.479,bus,hub,R2,1.5,1.2,1.4,
Bus_Koti,Koti Bus Hub,17.385,78.48,bus,hub,R2,1.5,1.2,1.4,
Bus_Nampally,Nampally Bus Hub,17.392,78.47,bus,hub,R2,1.5,1.2,1.4,
Bus_Panjagutta,Panjagutta Bus Hub,17.429,78.451,bus,hub,R3,1.2,1.1,1.2,
Bus_SR_Nagar,SR Nagar Bus Hub,17.443,78.441,bus,hub,R3,1.2,1.1,1.2,
Bus_Erragadda,Erragadda Bus Hub,17.457,78.434,bus,hub,R4,1.3,1.2,1.2,
Bus_Begumpet,Begumpet Bus Hub,17.439,78.468,bus,hub,R3,1.2,1.1,1.2,
Bus_Paradise,Paradise Bus Hub,17.438,78.499,bus,hub,R1,1.4,1.3,1.3,
Bus_ECIL,ECIL Bus Hub,17.479,78.571,bus,hub,R6,0.9,1.0,1.0,
Bus_Habsiguda,Habsiguda Bus Hub,17.422,78.537,bus,hub,R6,0.9,1.0,1.0,
Bus_Tarnaka,Tarnaka Bus Hub,17.423,78.524,bus,hub,R1,1.4,1.3,1.3,
Bus_Musheerabad,Musheerabad Bus Hub,17.427,78.485,bus,hub,R3,1.2,1.1,1.2,
Bus_Kacheguda,Kacheguda Bus Hub,17.39,78.5,bus,hub,R2,1.5,1.2,1.4,
Bus_Malakpet,Malakpet Bus Hub,17.377,78.494,bus,hub,R2,1.5,1.2,1.4,
Bus_Moosapet,Moosapet Bus Hub,17.472,78.426,bus,hub,R5,1.1,1.0,1.1,
Bus_KPHB,KPHB Bus Hub,17.494,78.402,bus,hub,R5,1.1,1.0,1.1,
Bus_Miyapur,Miyapur Bus Hub,17.497,78.373,bus,hub,R5,1.1,1.0,1.1,
Bus_HITEC_City,HITEC City Bus Hub,17.448,78.381,bus,hub,R4,1.3,1.2,1.2,
Bus_Gachibowli,Gachibowli Bus Hub,17.44,78.363,bus,hub,R4,1.3,1.2,1.2,
Bus_feeder_MYP_Metro_0,Bus near Miyapur,17.4995452,78.3730262,bus,feeder,R5,1.1,1.0,1.1,
Bus_feeder_MYP_Metro_1,Bus near Miyapur,17.4965452,78.3760262,bus,feeder,R5,1.1,1.0,1.1,
Bus_feeder_MYP_Metro_2,Bus near Miyapur,17.4935452,78.3730262,bus,feeder,R5,1.1,1.0,1.1,
Bus_feeder_MYP_Metro_3,Bus near Miyapur,17.4965452,78.3700262,bus,feeder,R5,1.1,1.0,1.1,
Bus_feeder_JNT_Metro_0,Bus near JNTU College,17.5017037,78.3888668,bus,feeder,R5,1.1,1.0,1.1,
Bus_feeder_JNT_Metro_1,Bus near JNTU College,17.4987037,78.3918668,bus,feeder,R5,1.1,1.0,1.1,
Bus_feeder_JNT_Metro_2,Bus near JNTU College,17.4957037,78.3888668,bus,feeder,R5,1.1,1.0,1.1,
Bus_feeder_JNT_Metro_3,Bus near JNTU College,17.4987037,78.3858668,bus,feeder,R5,1.1,1.0,1.1,
Bus_feeder_KPH_Metro_0,Bus near KPHB Colony,17.4967602,78.4018258,bus,feeder,R5,1.1,1.0,1.1,
Bus_feeder_KPH_Metro_1,Bus near KPHB Colony,17.4937602,78.4048258,bus,feeder,R5,1.1,1.0,1.1,
Bus_feeder_KPH_Metro_2,Bus near KPHB Colony,17.4907602,78.4018258,bus,feeder,R5,1.1,1.0,1.1,
Bus_feeder_KPH_Metro_3,Bus near KPHB Colony,17.4937602,78.3988258,bus,feeder,R5,1.1,1.0,1.1,
Bus_feeder_KUK_Metro_0,Bus near Kukatpally,17.4879033,78.4117896,bus,feeder,R5,1.1,1.0,1.1,
Bus_feeder_KUK_Metro_1,Bus near Kukatpally,17.4849033,78.4147896,bus,feeder,R5,1.1,1.0,1.1,
Bus_feeder_KUK_Metro_2,Bus near Kukatpally,17.4819033,78.4117896,bus,feeder,R5,1.1,1.0,1.1,
Bus_feeder_KUK_Metro_3,Bus near Kukatpally,17.4849033,78.4087896,bus,feeder,R5,1.1,1.0,1.1,
Bus_feeder_BLR_Metro_0,Bus near Balanagar,17.4797464,78.4221082,bus,feeder,R5,1.1,1.0,1.1,
Bus_feeder_BLR_Metro_1,Bus near Balanagar,17.4767464,78.4251082,bus,feeder,R5,1.1,1.0,1.1,
Bus_feeder_BLR_Metro_2,Bus near Balanagar,17.4737464,78.4221082,bus,feeder,R5,1.1,1.0,1.1,
Bus_feeder_BLR_Metro_3,Bus near Balanagar,17.4767464,78.4191082,bus,feeder,R5,1.1,1.0,1.1,
Bus_feeder_MSP_Metro_0,Bus near Moosapet,17.4748855,78.4261182,bus,feeder,R5,1.1,1.0,1.1,
Bus_feeder_MSP_Metro_1,Bus near Moosapet,17.4718855,78.4291182,bus,feeder,R5,1.1,1.0,1.1,
Bus_feeder_MSP_Metro_2,Bus near Moosapet,17.4688855,78.4261182,bus,feeder,R5,1.1,1.0,1.1,
Bus_feeder_MSP_Metro_3,Bus near Moosapet,17.4718855,78.4231182,bus,feeder,R5,1.1,1.0,1.1,
Bus_feeder_BTN_Metro_0,Bus near Bharat Nagar,17.4659092,78.4305364,bus,feeder,R5,1.1,1.0,1.1,
Bus_feeder_BTN_Metro_1,Bus near Bharat Nagar,17.4629092,78.4335364,bus,feeder,R5,1.1,1.0,1.1,
Bus_feeder_BTN_Metro_2,Bus near Bharat Nagar,17.4599092,78.4305364,bus,feeder,R4,1.3,1.2,1.2,
Bus_feeder_BTN_Metro_3,Bus near Bharat Nagar,17.4629092,78.4275364,bus,feeder,R4,1.3,1.2,1.2,
Bus_feeder_ERA_Metro_0,Bus near Erragadda,17.4600487,78.4335811,bus,feeder,R4,1.3,1.2,1.2,
Bus_feeder_ERA_Metro_1,Bus near Erragadda,17.4570487,78.4365811,bus,feeder,R4,1.3,1.2,1.2,
Bus_feeder_ERA_Metro_2,Bus near Erragadda,17.4540487,78.4335811,bus,feeder,R4,1.3,1.2,1.2,
Bus_feeder_ERA_Metro_3,Bus near Erragadda,17.4570487,78.4305811,bus,feeder,R4,1.3,1.2,1.2,
Bus_feeder_ESI_Metro_0,Bus near ESI Hospital,17.4516969,78.4376283,bus,feeder,R4,1.3,1.2,1.2,
Bus_feeder_ESI_Metro_1,Bus near ESI Hospital,17.4486969,78.4406283,bus,feeder,R3,1.2,1.1,1.2,
Bus_feeder_ESI_Metro_2,Bus near ESI Hospital,17.4456969,78.4376283,bus,feeder,R3,1.2,1.1,1.2,
Bus_feeder_ESI_Metro_3,Bus near ESI Hospital,17.4486969,78.4346283,bus,feeder,R4,1.3,1.2,1.2,
Bus_feeder_SRN_Metro_0,Bus near S. R. Nagar,17.4461205,78.4407241,bus,feeder,R3,1.2,1.1,1.2,
Bus_feeder_SRN_Metro_1,Bus near S. R. Nagar,17.4431205,78.4437241,bus,feeder,R3,1.2,1.1,1.2,
Bus_feeder_SRN_Metro_2,Bus near S. R. Nagar,17.4401205,78.4407241,bus,feeder,R3,1.2,1.1,1.2,
Bus_feeder_SRN_Metro_3,Bus near S. R. Nagar,17.4431205,78.4377241,bus,feeder,R3,1.2,1.1,1.2,
Bus_feeder_AME_Metro_0,Bus near Ameerpet,17.4387214,78.4447933,bus,feeder,R3,1.2,1.1,1.2,
Bus_feeder_AME_Metro_1,Bus near Ameerpet,17.4357214,78.4477933,bus,feeder,R3,1.2,1.1,1.2,
Bus_feeder_AME_Metro_2,Bus near Ameerpet,17.4327214,78.4447933,bus,feeder,R3,1.2,1.1,1.2,
Bus_feeder_AME_Metro_3,Bus near Ameerpet,17.4357214,78.4417933,bus,feeder,R3,1.2,1.1,1.2,
Bus_feeder_PUN_Metro_0,Bus near Panjagutta,17.4319362,78.450955,bus,feeder,R3,1.2,1.1,1.2,
Bus_feeder_PUN_Metro_1,Bus near Panjagutta,17.4289362,78.453955,bus,feeder,R3,1.2,1.1,1.2,
Bus_feeder_PUN_Metro_2,Bus near Panjagutta,17.4259362,78.450955,bus,feeder,R3,1.2,1.1,1.2,
Bus_feeder_PUN_Metro_3,Bus near Panjagutta,17.4289362,78.447955,bus,feeder,R3,1.2,1.1,1.2,
Bus_feeder_IRM_Metro_0,Bus near Erra Manzil,17.4232292,78.4563489,bus,feeder,R3,1.2,1.1,1.2,
Bus_feeder_IRM_Metro_1,Bus near Erra Manzil,17.4202292,78.4593489,bus,feeder,R3,1.2,1.1,1.2,
Bus_feeder_IRM_Metro_2,Bus near Erra Manzil,17.4172292,78.4563489,bus,feeder,R3,1.2,1.1,1.2,
Bus_feeder_IRM_Metro_3,Bus near Erra Manzil,17.4202292,78.4533489,bus,feeder,R3,1.2,1.1,1.2,
Bus_feeder_KHA_Metro_0,Bus near Khairatabad,17.4146323,78.4608678,bus,feeder,R3,1.2,1.1,1.2,
Bus_feeder_KHA_Metro_1,Bus near Khairatabad,17.4116323,78.4638678,bus,feeder,R3,1.2,1.1,1.2,
Bus_feeder_KHA_Metro_2,Bus near Khairatabad,17.4086323,78.4608678,bus,feeder,R3,1.2,1.1,1.2,
Bus_feeder_KHA_Metro_3,Bus near Khairatabad,17.4116323,78.4578678,bus,feeder,R3,1.2,1.1,1.2,
Bus_feeder_LKP_Metro_0,Bus near Lakdi-ka-pul,17.4070433,78.4649442,bus,feeder,R3,1.2,1.1,1.2,
Bus_feeder_LKP_Metro_1,Bus near Lakdi-ka-pul,17.4040433,78.4679442,bus,feeder,R3,1.2,1.1,1.2,
Bus_feeder_LKP_Metro_2,Bus near Lakdi-ka-pul,17.4010433,78.4649442,bus,feeder,R3,1.2,1.1,1.2,
Bus_feeder_LKP_Metro_3,Bus near Lakdi-ka-pul,17.4040433,78.4619442,bus,feeder,R3,1.2,1.1,1.2,
Bus_feeder_ASM_Metro_0,Bus near Assembly,17.4009907,78.4708797,bus,feeder,R3,1.2,1.1,1.2,
Bus_feeder_ASM_Metro_1,Bus near Assembly,17.3979907,78.4738797,bus,feeder,R2,1.5,1.2,1.4,
Bus_feeder_ASM_Metro_2,Bus near Assembly,17.3949907,78.4708797,bus,feeder,R2,1.5,1.2,1.4,
Bus_feeder_ASM_Metro_3,Bus near Assembly,17.3979907,78.4678797,bus,feeder,R2,1.5,1.2,1.4,
Bus_feeder_NAM_Metro_0,Bus near Nampally,17.395222,78.4701612,bus,feeder,R2,1.5,1.2,1.4,
Bus_feeder_NAM_Metro_1,Bus near Nampally,17.392222,78.4731612,bus,feeder,R2,1.5,1.2,1.4,
Bus_feeder_NAM_Metro_2,Bus near Nampally,17.389222,78.4701612,bus,feeder,R2,1.5,1.2,1.4,
Bus_feeder_NAM_Metro_3,Bus near Nampally,17.392222,78.4671612,bus,feeder,R2,1.5,1.2,1.4,
Bus_feeder_GAB_Metro_0,Bus near Gandhi Bhavan,17.3888253,78.4733347,bus,feeder,R2,1.5,1.2,1.4,
Bus_feeder_GAB_Metro_1,Bus near Gandhi Bhavan,17.3858253,78.4763347,bus,feeder,R2,1.5,1.2,1.4,
Bus_feeder_GAB_Metro_2,Bus near Gandhi Bhavan,17.3828253,78.4733347,bus,feeder,R2,1.5,1.2,1.4,
Bus_feeder_GAB_Metro_3,Bus near Gandhi Bhavan,17.3858253,78.4703347,bus,feeder,R2,1.5,1.2,1.4,
Bus_feeder_OMC_Metro_0,Bus near Osmania Medical College,17.3850769,78.4817011,bus,feeder,R2,1.5,1.2,1.4,
Bus_feeder_OMC_Metro_1,Bus near Osmania Medical College,17.3820769,78.4847011,bus,feeder,R2,1.5,1.2,1.4,
Bus_feeder_OMC_Metro_2,Bus near Osmania Medical College,17.3790769,78.4817011,bus,feeder,R2,1.5,1.2,1.4,
Bus_feeder_OMC_Metro_3,Bus near Osmania Medical College,17.3820769,78.4787011,bus,feeder,R2,1.5,1.2,1.4,
Bus_feeder_MGB_Metro_0,Bus near Mahatma Gandhi Bus Station,17.3827886,78.4861571,bus,feeder,R2,1.5,1.2,1.4,
Bus_feeder_MGB_Metro_1,Bus near Mahatma Gandhi Bus Station,17.3797886,78.4891571,bus,feeder,R2,1.5,1.2,1.4,
Bus_feeder_MGB_Metro_2,Bus near Mahatma Gandhi Bus Station,17.3767886,78.4861571,bus,feeder,R2,1.5,1.2,1.4,
Bus_feeder_MGB_Metro_3,Bus near Mahatma Gandhi Bus Station,17.3797886,78.4831571,bus,feeder,R2,1.5,1.2,1.4,
Bus_feeder_MKL_Metro_0,Bus near Malakpet,17.3801888,78.4939356,bus,feeder,R2,1.5,1.2,1.4,
Bus_feeder_MKL_Metro_1,Bus near Malakpet,17.3771888,78.4969356,bus,feeder,R2,1.5,1.2,1.4,
Bus_feeder_MKL_Metro_2,Bus near Malakpet,17.3741888,78.4939356,bus,feeder,R2,1.5,1.2,1.4,
Bus_feeder_MKL_Metro_3,Bus near Malakpet,17.3771888,78.4909356,bus,feeder,R2,1.5,1.2,1.4,
Bus_feeder_NEM_Metro_0,Bus near New Market,17.3764454,78.5031791,bus,feeder,R2,1.5,1.2,1.4,
Bus_feeder_NEM_Metro_1,Bus near New Market,17.3734454,78.5061791,bus,feeder,R2,1.5,1.2,1.4,
Bus_feeder_NEM_Metro_2,Bus near New Market,17.3704454,78.5031791,bus,feeder,R2,1.5,1.2,1.4,
Bus_feeder_NEM_Metro_3,Bus near New Market,17.3734454,78.5001791,bus,feeder,R2,1.5,1.2,1.4,
Bus_feeder_MSB_Metro_0,Bus near Musarambagh,17.3740873,78.5119545,bus,feeder,R2,1.5,1.2,1.4,
Bus_feeder_MSB_Metro_1,Bus near Musarambagh,17.3710873,78.5149545,bus,feeder,R2,1.5,1.2,1.4,
Bus_feeder_MSB_Metro_2,Bus near Musarambagh,17.3680873,78.5119545,bus,feeder,R2,1.5,1.2,1.4,
Bus_feeder_MSB_Metro_3,Bus near Musarambagh,17.3710873,78.5089545,bus,feeder,R2,1.5,1.2,1.4,
Bus_feeder_DSN_Metro_0,Bus near Dilsukh Nagar,17.3715493,78.5253873,bus,feeder,R7,0.8,1.0,1.0,
Bus_feeder_DSN_Metro_1,Bus near Dilsukh Nagar,17.3685493,78.5283873,bus,feeder,R7,0.8,1.0,1.0,
Bus_feeder_DSN_Metro_2,Bus near Dilsukh Nagar,17.3655493,78.5253873,bus,feeder,R7,0.8,1.0,1.0,
Bus_feeder_DSN_Metro_3,Bus near Dilsukh Nagar,17.3685493,78.5223873,bus,feeder,R7,0.8,1.0,1.0,
Bus_feeder_CHP_Metro_0,Bus near Chaitanyapuri,17.3711501,78.5381335,bus,feeder,R7,0.8,1.0,1.0,
Bus_feeder_CHP_Metro_1,Bus near Chaitanyapuri,17.3681501,78.5411335,bus,feeder,R7,0.8,1.0,1.0,
Bus_feeder_CHP_Metro_2,Bus near Chaitanyapuri,17.3651501,78.5381335,bus,feeder,R7,0.8,1.0,1.0,
Bus_feeder_CHP_Metro_3,Bus near Chaitanyapuri,17.3681501,78.5351335,bus,feeder,R7,0.8,1.0,1.0,
Bus_feeder_VOM_Metro_0,Bus near Victoria Memorial,17.3648565,78.5439622,bus,feeder,R7,0.8,1.0,1.0,
Bus_feeder_VOM_Metro_1,Bus near Victoria Memorial,17.3618565,78.5469622,bus,feeder,R7,0.8,1.0,1.0,
Bus_feeder_VOM_Metro_2,Bus near Victoria Memorial,17.358856499999998,78.5439622,bus,feeder,R7,0.8,1.0,1.0,
Bus_feeder_VOM_Metro_3,Bus near Victoria Memorial,17.3618565,78.5409622,bus,feeder,R7,0.8,1.0,1.0,
Bus_feeder_LBN_Metro_0,Bus near L. B. Nagar,17.352846,78.5479412,bus,feeder,R7,0.8,1.0,1.0,
Bus_feeder_LBN_Metro_1,Bus near L. B. Nagar,17.349846,78.5509412,bus,feeder,R7,0.8,1.0,1.0,
Bus_feeder_LBN_Metro_2,Bus near L. B. Nagar,17.346846,78.5479412,bus,feeder,R7,0.8,1.0,1.0,
Bus_feeder_LBN_Metro_3,Bus near L. B. Nagar,17.349846,78.5449412,bus,feeder,R7,0.8,1.0,1.0,
Bus_feeder_SUB_Metro_0,Bus near Sultan Bazar,17.3874473,78.4840241,bus,feeder,R2,1.5,1.2,1.4,
Bus_feeder_SUB_Metro_1,Bus near Sultan Bazar,17.3844473,78.4870241,bus,feeder,R2,1.5,1.2,1.4,
Bus_feeder_SUB_Metro_2,Bus near Sultan Bazar,17.3814473,78.4840241,bus,feeder,R2,1.5,1.2,1.4,
Bus_feeder_SUB_Metro_3,Bus near Sultan Bazar,17.3844473,78.4810241,bus,feeder,R2,1.5,1.2,1.4,
Bus_feeder_NAR_Metro_0,Bus near Narayanaguda,17.3973658,78.4899578,bus,feeder,R2,1.5,1.2,1.4,
Bus_feeder_NAR_Metro_1,Bus near Narayanaguda,17.3943658,78.4929578,bus,feeder,R2,1.5,1.2,1.4,
Bus_feeder_NAR_Metro_2,Bus near Narayanaguda,17.3913658,78.4899578,bus,feeder,R2,1.5,1.2,1.4,
Bus_feeder_NAR_Metro_3,Bus near Narayanaguda,17.3943658,78.4869578,bus,feeder,R2,1.5,1.2,1.4,
Bus_feeder_CDP_Metro_0,Bus near Chikkadpally,17.4033634,78.4948964,bus,feeder,R3,1.2,1.1,1.2,
Bus_feeder_CDP_Metro_1,Bus near Chikkadpally,17.4003634,78.4978964,bus,feeder,R3,1.2,1.1,1.2,
Bus_feeder_CDP_Metro_2,Bus near Chikkadpally,17.3973634,78.4948964,bus,feeder,R2,1.5,1.2,1.4,
Bus_feeder_CDP_Metro_3,Bus near Chikkadpally,17.4003634,78.4918964,bus,feeder,R3,1.2,1.1,1.2,
Bus_feeder_RTC_Metro_0,Bus near RTC Cross Roads,17.4100321,78.4968023,bus,feeder,R3,1.2,1.1,1.2,
Bus_feeder_RTC_Metro_1,Bus near RTC Cross Roads,17.4070321,78.4998023,bus,feeder,R3,1.2,1.1,1.2,
Bus_feeder_RTC_Metro_2,Bus near RTC Cross Roads,17.4040321,78.4968023,bus,feeder,R3,1.2,1.1,1.2,
Bus_feeder_RTC_Metro_3,Bus near RTC Cross Roads,17.4070321,78.4938023,bus,feeder,R3,1.2,1.1,1.2,
Bus_feeder_MSH_Metro_0,Bus near Musheerabad,17.4208744,78.4995051,bus,feeder,R1,1.4,1.3,1.3,
Bus_feeder_MSH_Metro_1,Bus near Musheerabad,17.4178744,78.5025051,bus,feeder,R1,1.4,1.3,1.3,
Bus_feeder_MSH_Metro_2,Bus near Musheerabad,17.4148744,78.4995051,bus,feeder,R3,1.2,1.1,1.2,
Bus_feeder_MSH_Metro_3,Bus near Musheerabad,17.4178744,78.4965051,bus,feeder,R3,1.2,1.1,1.2,
Bus_feeder_GNH_Metro_0,Bus near Gandhi Hospital,17.4285155,78.501956,bus,feeder,R1,1.4,1.3,1.3,
Bus_feeder_GNH_Metro_1,Bus near Gandhi Hospital,17.4255155,78.504956,bus,feeder,R1,1.4,1.3,1.3,
Bus_feeder_GNH_Metro_2,Bus near Gandhi Hospital,17.4225155,78.501956,bus,feeder,R1,1.4,1.3,1.3,
Bus_feeder_GNH_Metro_3,Bus near Gandhi Hospital,17.4255155,78.498956,bus,feeder,R1,1.4,1.3,1.3,
Bus_feeder_SCR_Metro_0,Bus near Secunderabad West,17.4368034,78.4995181,bus,feeder,R1,1.4,1.3,1.3,
Bus_feeder_SCR_Metro_1,Bus near Secunderabad West,17.4338034,78.5025181,bus,feeder,R1,1.4,1.3,1.3,
Bus_feeder_SCR_Metro_2,Bus near Secunderabad West,17.4308034,78.4995181,bus,feeder,R1,1.4,1.3,1.3,
Bus_feeder_SCR_Metro_3,Bus near Secunderabad West,17.4338034,78.4965181,bus,feeder,R1,1.4,1.3,1.3,
Bus_feeder_JBS_Metro_0,Bus near JBS Parade Ground,17.4474775,78.497584,bus,feeder,R1,1.4,1.3,1.3,
Bus_feeder_JBS_Metro_1,Bus near JBS Parade Ground,17.4444775,78.500584,bus,feeder,R1,1.4,1.3,1.3,
Bus_feeder_JBS_Metro_2,Bus near JBS Parade Ground,17.4414775,78.497584,bus,feeder,R1,1.4,1.3,1.3,
Bus_feeder_JBS_Metro_3,Bus near JBS Parade Ground,17.4444775,78.494584,bus,feeder,R1,1.4,1.3,1.3,
Bus_feeder_NAG_Metro_0,Bus near Nagole,17.3937683,78.5588222,bus,feeder,R6,0.9,1.0,1.0,
Bus_feeder_NAG_Metro_1,Bus near Nagole,17.3907683,78.5618222,bus,feeder,R6,0.9,1.0,1.0,
Bus_feeder_NAG_Metro_2,Bus near Nagole,17.3877683,78.5588222,bus,feeder,R6,0.9,1.0,1.0,
Bus_feeder_NAG_Metro_3,Bus near Nagole,17.3907683,78.5558222,bus,feeder,R6,0.9,1.0,1.0,
Bus_feeder_UPL_Metro_0,Bus near Uppal,17.4030665,78.5601868,bus,feeder,R6,0.9,1.0,1.0,
Bus_feeder_UPL_Metro_1,Bus near Uppal,17.4000665,78.5631868,bus,feeder,R6,0.9,1.0,1.0,
Bus_feeder_UPL_Metro_2,Bus near Uppal,17.3970665,78.5601868,bus,feeder,R6,0.9,1.0,1.0,
Bus_feeder_UPL_Metro_3,Bus near Uppal,17.4000665,78.5571868,bus,feeder,R6,0.9,1.0,1.0,
Bus_feeder_STD_Metro_0,Bus near Stadium,17.4104002,78.5542531,bus,feeder,R6,0.9,1.0,1.0,
Bus_feeder_STD_Metro_1,Bus near Stadium,17.4074002,78.5572531,bus,feeder,R6,0.9,1.0,1.0,
Bus_feeder_STD_Metro_2,Bus near Stadium,17.4044002,78.5542531,bus,feeder,R6,0.9,1.0,1.0,
Bus_feeder_STD_Metro_3,Bus near Stadium,17.4074002,78.5512531,bus,feeder,R6,0.9,1.0,1.0,
Bus_feeder_NGR_Metro_0,Bus near NGRI,17.4178264,78.5463345,bus,feeder,R6,0.9,1.0,1.0,
Bus_feeder_NGR_Metro_1,Bus near NGRI,17.4148264,78.5493345,bus,feeder,R6,0.9,1.0,1.0,
Bus_feeder_NGR_Metro_2,Bus near NGRI,17.4118264,78.5463345,bus,feeder,R6,0.9,1.0,1.0,
Bus_feeder_NGR_Metro_3,Bus near NGRI,17.4148264,78.5433345,bus,feeder,R6,0.9,1.0,1.0,
Bus_feeder_HSG_Metro_0,Bus near Habsiguda,17.42318,78.540548,bus,feeder,R6,0.9,1.0,1.0,
Bus_feeder_HSG_Metro_1,Bus near Habsiguda,17.42018,78.543548,bus,feeder,R6,0.9,1.0,1.0,
Bus_feeder_HSG_Metro_2,Bus near Habsiguda,17.41718,78.540548,bus,feeder,R6,0.9,1.0,1.0,
Bus_feeder_HSG_Metro_3,Bus near Habsiguda,17.42018,78.537548,bus,feeder,R6,0.9,1.0,1.0,
Bus_feeder_TAR_Metro_0,Bus near Tarnaka,17.4304418,78.5300079,bus,feeder,R1,1.4,1.3,1.3,
Bus_feeder_TAR_Metro_1,Bus near Tarnaka,17.4274418,78.5330079,bus,feeder,R6,0.9,1.0,1.0,
Bus_feeder_TAR_Metro_2,Bus near Tarnaka,17.4244418,78.5300079,bus,feeder,R6,0.9,1.0,1.0,
Bus_feeder_TAR_Metro_3,Bus near Tarnaka,17.4274418,78.5270079,bus,feeder,R1,1.4,1.3,1.3,
Bus_feeder_MET_Metro_0,Bus near Mettuguda,17.4385207,78.5195754,bus,feeder,R1,1.4,1.3,1.3,
Bus_feeder_MET_Metro_1,Bus near Mettuguda,17.4355207,78.5225754,bus,feeder,R1,1.4,1.3,1.3,
Bus_feeder_MET_Metro_2,Bus near Mettuguda,17.4325207,78.5195754,bus,feeder,R1,1.4,1.3,1.3,
Bus_feeder_MET_Metro_3,Bus near Mettuguda,17.4355207,78.5165754,bus,feeder,R1,1.4,1.3,1.3,
Bus_feeder_SEC_E_Metro_0,Bus near Secunderabad East,17.4387184,78.5054623,bus,feeder,R1,1.4,1.3,1.3,
Bus_feeder_SEC_E_Metro_1,Bus near Secunderabad East,17.4357184,78.5084623,bus,feeder,R1,1.4,1.3,1.3,
Auto_R1_1,Auto Stand R1-1,17.422074200347396,78.50321366618995,auto,stand,R1,1.4,1.3,1.3,
Auto_R1_2,Auto Stand R1-2,17.485655911119895,78.5288037133862,auto,stand,R1,1.4,1.3,1.3,
Auto_R1_3,Auto Stand R1-3,17.43732104053396,78.50771036824291,auto,stand,R1,1.4,1.3,1.3,
Auto_R1_4,Auto Stand R1-4,17.518406479085076,78.51386059584136,auto,stand,R1,1.4,1.3,1.3,
Auto_R1_5,Auto Stand R1-5,17.433624361663462,78.5158427448228,auto,stand,R1,1.4,1.3,1.3,
Auto_R1_6,Auto Stand R1-6,17.4572607121281,78.53088973349772,auto,stand,R1,1.4,1.3,1.3,
Auto_R1_7,Auto Stand R1-7,17.440764229184058,78.49560385736122,auto,stand,R1,1.4,1.3,1.3,
Auto_R1_8,Auto Stand R1-8,17.40960821761536,78.517590492125,auto,stand,R1,1.4,1.3,1.3,
Auto_R1_9,Auto Stand R1-9,17.436728483670556,78.52166102739689,auto,stand,R1,1.4,1.3,1.3,
Auto_R1_10,Auto Stand R1-10,17.505134850228053,78.51495786904906,auto,stand,R1,1.4,1.3,1.3,
Auto_R1_11,Auto Stand R1-11,17.43343010238345,78.50255281991345,auto,stand,R1,1.4,1.3,1.3,
Auto_R1_12,Auto Stand R1-12,17.4281613077327,78.52859413184697,auto,stand,R1,1.4,1.3,1.3,
Auto_R1_13,Auto Stand R1-13,17.532381740647757,78.51544637813689,auto,stand,R1,1.4,1.3,1.3,
Auto_R1_14,Auto Stand R1-14,17.446172708626104,78.5008522291622,auto,stand,R1,1.4,1.3,1.3,
Auto_R1_15,Auto Stand R1-15,17.49302144485048,78.51842874405536,auto,stand,R1,1.4,1.3,1.3,
Auto_R1_16,Auto Stand R1-16,17.442816578261915,78.48800903713185,auto,stand,R1,1.4,1.3,1.3,
Auto_R1_17,Auto Stand R1-17,17.42663988565707,78.50181951123409,auto,stand,R1,1.4,1.3,1.3,
Auto_R1_18,Auto Stand R1-18,17.43240937601784,78.49802785325389,auto,stand,R1,1.4,1.3,1.3,
Auto_R1_19,Auto Stand R1-19,17.4479639099849,78.5295797802198,auto,stand,R1,1.4,1.3,1.3,
Auto_R1_20,Auto Stand R1-20,17.4772879241464,78.52719054151612,auto,stand,R1,1.4,1.3,1.3,
Auto_R1_21,Auto Stand R1-21,17.422749142258127,78.5250777582754,auto,stand,R1,1.4,1.3,1.3,
Auto_R1_22,Auto Stand R1-22,17.4164643164626,78.5213634849676,auto,stand,R1,1.4,1.3,1.3,
Auto_R1_23,Auto Stand R1-23,17.428394106594403,78.51992331516666,auto,stand,R1,1.4,1.3,1.3,
Auto_R1_24,Auto Stand R1-24,17.46156410955686,78.53357429154306,auto,stand,R1,1.4,1.3,1.3,
Auto_R1_25,Auto Stand R1-25,17.441632891883977,78.52370718832188,auto,stand,R1,1.4,1.3,1.3,
Auto_R1_26,Auto Stand R1-26,17.419334906349537,78.5015530323955,auto,stand,R1,1.4,1.3,1.3,
Auto_R1_27,Auto Stand R1-27,17.43750931556217,78.50121247023596,auto,stand,R1,1.4,1.3,1.3,
Auto_R1_28,Auto Stand R1-28,17.443753672115356,78.49902421679195,auto,stand,R1,1.4,1.3,1.3,
Auto_R1_29,Auto Stand R1-29,17.447779181258632,78.49662959694969,auto,stand,R1,1.4,1.3,1.3,
Auto_R1_30,Auto Stand R1-30,17.44566919565205,78.49315950999132,auto,stand,R1,1.4,1.3,1.3,
Auto_R1_31,Auto Stand R1-31,17.43855863095631,78.5200950241126,auto,stand,R1,1.4,1.3,1.3,
Auto_R1_32,Auto Stand R1-32,17.432069104373138,78.52854858457258,auto,stand,R1,1.4,1.3,1.3,
Auto_R1_33,Auto Stand R1-33,17.42667934474163,78.49803516240341,auto,stand,R1,1.4,1.3,1.3,
Auto_R1_34,Auto Stand R1-34,17.439575585705146,78.49978692123261,auto,stand,R1,1.4,1.3,1.3,
Auto_R1_35,Auto Stand R1-35,17.43383341590634,78.50686514016064,auto,stand,R1,1.4,1.3,1.3,
Auto_R1_36,Auto Stand R1-36,17.421976195689744,78.49974415699216,auto,stand,R1,1.4,1.3,1.3,
Auto_R1_37,Auto Stand R1-37,17.517341231278586,78.51757866919326,auto,stand,R1,1.4,1.3,1.3,
Auto_R1_38,Auto Stand R1-38,17.437730276466183,78.50587363295665,auto,stand,R1,1.4,1.3,1.3,
Auto_R1_39,Auto Stand R1-39,17.488101052227062,78.5266409296969,auto,stand,R1,1.4,1.3,1.3,
Auto_R1_40,Auto Stand R1-40,17.42974666926457,78.500065673519,auto,stand,R1,1.4,1.3,1.3,
Auto_R1_41,Auto Stand R1-41,17.444679446629355,78.48473954190267,auto,stand,R1,1.4,1.3,1.3,
Auto_R1_42,Auto Stand R1-42,17.434973459623215,78.50140298438477,auto,stand,R1,1.4,1.3,1.3,
Auto_R1_43,Auto Stand R1-43,17.43104576762931,78.51866719741898,auto,stand,R1,1.4,1.3,1.3,
Auto_R1_44,Auto Stand R1-44,17.419089686468787,78.49775482595221,auto,stand,R1,1.4,1.3,1.3,
Auto_R1_45,Auto Stand R1-45,17.434156696120645,78.49712289914436,auto,stand,R1,1.4,1.3,1.3,
Auto_R1_46,Auto Stand R1-46,17.436663751729625,78.51791218572558,auto,stand,R1,1.4,1.3,1.3,
Auto_R1_47,Auto Stand R1-47,17.443894634939316,78.49546504399852,auto,stand,R1,1.4,1.3,1.3,
Auto_R1_48,Auto Stand R1-48,17.446036072602336,78.49898588748637,auto,stand,R1,1.4,1.3,1.3,
Auto_R1_49,Auto Stand R1-49,17.427281005984455,78.50395412286204,auto,stand,R1,1.4,1.3,1.3,
Auto_R1_50,Auto Stand R1-50,17.416472272174502,78.51869330798563,auto,stand,R1,1.4,1.3,1.3,
Auto_R1_51,Auto Stand R1-51,17.4430848152988,78.50148536395749,auto,stand,R1,1.4,1.3,1.3,
Auto_R1_52,Auto Stand R1-52,17.43426578084397,78.52132657949409,auto,stand,R1,1.4,1.3,1.3,
Auto_R1_53,Auto Stand R1-53,17.439713141680045,78.51762600734135,auto,stand,R1,1.4,1.3,1.3,
Auto_R1_54,Auto Stand R1-54,17.494586561410898,78.51691898670089,auto,stand,R1,1.4,1.3,1.3,
Auto_R1_55,Auto Stand R1-55,17.41754967457315,78.50328657878805,auto,stand,R1,1.4,1.3,1.3,
Auto_R1_56,Auto Stand R1-56,17.410261051023923,78.51989637928568,auto,stand,R1,1.4,1.3,1.3,
Auto_R1_57,Auto Stand R1-57,17.428423447400725,78.52982900068784,auto,stand,R1,1.4,1.3,1.3,
Auto_R1_58,Auto Stand R1-58,17.505346066747254,78.51267317649656,auto,stand,R1,1.4,1.3,1.3,
Auto_R1_59,Auto Stand R1-59,17.424059111593774,78.5039762190062,auto,stand,R1,1.4,1.3,1.3,
Auto_R1_60,Auto Stand R1-60,17.42951995359168,78.5019859444886,auto,stand,R1,1.4,1.3,1.3,
Auto_R1_61,Auto Stand R1-61,17.436736375811225,78.50380815762283,auto,stand,R1,1.4,1.3,1.3,
Auto_R1_62,Auto Stand R1-62,17.435940694072066,78.49822468101004,auto,stand,R1,1.4,1.3,1.3,
Auto_R1_63,Auto Stand R1-63,17.426213191112318,78.52746985100916,auto,stand,R1,1.4,1.3,1.3,
Auto_R1_64,Auto Stand R1-64,17.431992135530873,78.52039967509042,auto,stand,R1,1.4,1.3,1.3,
Auto_R1_65,Auto Stand R1-65,17.43189771417088,78.50339367471105,auto,stand,R1,1.4,1.3,1.3,
Auto_R1_66,Auto Stand R1-66,17.436685713047467,78.51959272903028,auto,stand,R1,1.4,1.3,1.3,
Auto_R1_67,Auto Stand R1-67,17.4493047417407,78.53079621962706,auto,stand,R1,1.4,1.3,1.3,
Auto_R1_68,Auto Stand R1-68,17.43192894970495,78.49947844640585,auto,stand,R1,1.4,1.3,1.3,
Auto_R1_69,Auto Stand R1-69,17.478219538007412,78.52831005828195,auto,stand,R1,1.4,1.3,1.3,
Auto_R1_70,Auto Stand R1-70,17.42588559180974,78.49946440471717,auto,stand,R1,1.4,1.3,1.3,
Auto_R1_71,Auto Stand R1-71,17.439537520500668,78.4981123787247,auto,stand,R1,1.4,1.3,1.3,
Auto_R1_72,Auto Stand R1-72,17.425431104783957,78.50130903301128,auto,stand,R1,1.4,1.3,1.3,
Auto_R2_1,Auto Stand R2-1,17.391319676552804,78.50072713629821,auto,stand,R2,1.5,1.2,1.4,
Auto_R2_2,Auto Stand R2-2,17.309923274369826,78.42402480882761,auto,stand,R2,1.5,1.2,1.4,
Auto_R2_3,Auto Stand R2-3,17.38273531624248,78.47954498154377,auto,stand,R2,1.5,1.2,1.4,
Auto_R2_4,Auto Stand R2-4,17.3760041774756,78.49661989710901,auto,stand,R2,1.5,1.2,1.4,
Auto_R2_5,Auto Stand R2-5,17.341589184682867,78.48193392232022,auto,stand,R2,1.5,1.2,1.4,
Auto_R2_6,Auto Stand R2-6,17.394919555363437,78.4696271700762,auto,stand,R2,1.5,1.2,1.4,
Auto_R2_7,Auto Stand R2-7,17.37226246760533,78.50801373001923,auto,stand,R2,1.5,1.2,1.4,
Auto_R2_8,Auto Stand R2-8,17.263254968387116,78.39355281784583,auto,stand,R2,1.5,1.2,1.4,
Auto_R2_9,Auto Stand R2-9,17.394279774201628,78.4367330037668,auto,stand,R2,1.5,1.2,1.4,
Auto_R2_10,Auto Stand R2-10,17.398604834047845,78.49034728436472,auto,stand,R2,1.5,1.2,1.4,
Auto_R2_11,Auto Stand R2-11,17.366425597875853,78.49155223010325,auto,stand,R2,1.5,1.2,1.4,
Auto_R2_12,Auto Stand R2-12,17.382696357730314,78.48282032155163,auto,stand,R2,1.5,1.2,1.4,
Auto_R2_13,Auto Stand R2-13,17.32373157768986,78.4354771427719,auto,stand,R2,1.5,1.2,1.4,
Auto_R2_14,Auto Stand R2-14,17.360895797315003,78.47563438235908,auto,stand,R2,1.5,1.2,1.4,
Auto_R2_15,Auto Stand R2-15,17.33207281657202,78.47595177956356,auto,stand,R2,1.5,1.2,1.4,
Auto_R2_16,Auto Stand R2-16,17.388618766948184,78.47095457344557,auto,stand,R2,1.5,1.2,1.4,
Auto_R2_17,Auto Stand R2-17,17.379333635262576,78.4906529163979,auto,stand,R2,1.5,1.2,1.4,
Auto_R2_18,Auto Stand R2-18,17.39428490270955,78.48598625513264,auto,stand,R2,1.5,1.2,1.4,
Auto_R2_19,Auto Stand R2-19,17.370159879917733,78.51659609180034,auto,stand,R2,1.5,1.2,1.4,
Auto_R2_20,Auto Stand R2-20,17.372772319975,78.5028055447438,auto,stand,R2,1.5,1.2,1.4,
Auto_R2_21,Auto Stand R2-21,17.396942163868655,78.49630915746752,auto,stand,R2,1.5,1.2,1.4,
Auto_R2_22,Auto Stand R2-22,17.384356706735456,78.47436157584276,auto,stand,R2,1.5,1.2,1.4,
Auto_R2_23,Auto Stand R2-23,17.35829268959943,78.49334155822861,auto,stand,R2,1.5,1.2,1.4,
Auto_R2_24,Auto Stand R2-24,17.39631500431043,78.4746987545235,auto,stand,R2,1.5,1.2,1.4,
Auto_R2_25,Auto Stand R2-25,17.381141536026238,78.48506280905214,auto,stand,R2,1.5,1.2,1.4,
Auto_R2_26,Auto Stand R2-26,17.399749557935944,78.47183769292437,auto,stand,R2,1.5,1.2,1.4,
Auto_R2_27,Auto Stand R2-27,17.385682148328414,78.47858290158264,auto,stand,R2,1.5,1.2,1.4,
Auto_R2_28,Auto Stand R2-28,17.369746229799617,78.51314775935823,auto,stand,R2,1.5,1.2,1.4,
Auto_R2_29,Auto Stand R2-29,17.37786704289029,78.49386108097217,auto,stand,R2,1.5,1.2,1.4,
Auto_R2_30,Auto Stand R2-30,17.384221164485986,78.4876062302664,auto,stand,R2,1.5,1.2,1.4,
Auto_R2_31,Auto Stand R2-31,17.37956406004012,78.4819686276521,auto,stand,R2,1.5,1.2,1.4,
Auto_R2_32,Auto Stand R2-32,17.391257148537434,78.49095722610625,auto,stand,R2,1.5,1.2,1.4,
Auto_R2_33,Auto Stand R2-33,17.37368357575264,78.51328911328437,auto,stand,R2,1.5,1.2,1.4,
Auto_R2_34,Auto Stand R2-34,17.377170393472614,78.48530673246252,auto,stand,R2,1.5,1.2,1.4,
Auto_R2_35,Auto Stand R2-35,17.377608137010526,78.50505069229908,auto,stand,R2,1.5,1.2,1.4,
Auto_R2_36,Auto Stand R2-36,17.3917591287542,78.46854689327607,auto,stand,R2,1.5,1.2,1.4,
Auto_R2_37,Auto Stand R2-37,17.376404788766642,78.48903248062153,auto,stand,R2,1.5,1.2,1.4,
Auto_R2_38,Auto Stand R2-38,17.37192854781212,78.49841009070332,auto,stand,R2,1.5,1.2,1.4,
Auto_R2_39,Auto Stand R2-39,17.39125737458254,78.47450970981062,auto,stand,R2,1.5,1.2,1.4,
Auto_R2_40,Auto Stand R2-40,17.385740814650543,78.48422819592463,auto,stand,R2,1.5,1.2,1.4,
Auto_R2_41,Auto Stand R2-41,17.395596175444116,78.49403238839409,auto,stand,R2,1.5,1.2,1.4,
Auto_R2_42,Auto Stand R2-42,17.393322571791522,78.466169983792,auto,stand,R2,1.5,1.2,1.4,
Auto_R2_43,Auto Stand R2-43,17.38704400190541,78.48155753075874,auto,stand,R2,1.5,1.2,1.4,
Auto_R2_44,Auto Stand R2-44,17.39852195330947,78.46783508344436,auto,stand,R2,1.5,1.2,1.4,
Auto_R2_45,Auto Stand R2-45,17.39383912056217,78.47183888302084,auto,stand,R2,1.5,1.2,1.4,
Auto_R2_46,Auto Stand R2-46,17.38395828703998,78.46927848252734,auto,stand,R2,1.5,1.2,1.4,
Auto_R2_47,Auto Stand R2-47,17.368029348418332,78.51036333979926,auto,stand,R2,1.5,1.2,1.4,
Auto_R2_48,Auto Stand R2-48,17.388238732072505,78.4996876789065,auto,stand,R2,1.5,1.2,1.4,
Auto_R2_49,Auto Stand R2-49,17.385214309447843,78.4724589522617,auto,stand,R2,1.5,1.2,1.4,
Auto_R2_50,Auto Stand R2-50,17.37838538542798,78.5015887803905,auto,stand,R2,1.5,1.2,1.4,
Auto_R2_51,Auto Stand R2-51,17.38161841855961,78.48750374335123,auto,stand,R2,1.5,1.2,1.4,
Auto_R2_52,Auto Stand R2-52,17.37094749857649,78.50159566887254,auto,stand,R2,1.5,1.2,1.4,
Auto_R2_53,Auto Stand R2-53,17.390631102387477,78.4880123845249,auto,stand,R2,1.5,1.2,1.4,
Auto_R2_54,Auto Stand R2-54,17.380766969648857,78.47764627656309,auto,stand,R2,1.5,1.2,1.4,
Auto_R2_55,Auto Stand R2-55,17.393997369672512,78.48992890056613,auto,stand,R2,1.5,1.2,1.4,
Auto_R2_56,Auto Stand R2-56,17.373846430318512,78.50474848934118,auto,stand,R2,1.5,1.2,1.4,
Auto_R3_1,Auto Stand R3-1,17.399485720353898,78.46662390058502,auto,stand,R3,1.2,1.1,1.2,
Auto_R3_2,Auto Stand R3-2,17.42658800146458,78.44913251813688,auto,stand,R3,1.2,1.1,1.2,
Auto_R3_3,Auto Stand R3-3,17.414051989031805,78.49916585447149,auto,stand,R3,1.2,1.1,1.2,
Auto_R3_4,Auto Stand R3-4,17.44489923995433,78.45229616996846,auto,stand,R3,1.2,1.1,1.2,
Auto_R3_5,Auto Stand R3-5,17.433955825646677,78.47534025639075,auto,stand,R3,1.2,1.1,1.2,
Auto_R3_6,Auto Stand R3-6,17.413743137476565,78.46017042394426,auto,stand,R3,1.2,1.1,1.2,
Auto_R3_7,Auto Stand R3-7,17.438354176889675,78.44483520731468,auto,stand,R3,1.2,1.1,1.2,
Auto_R3_8,Auto Stand R3-8,17.40662889548497,78.4986795330471,auto,stand,R3,1.2,1.1,1.2,
Auto_R3_9,Auto Stand R3-9,17.42836502689588,78.48656826205205,auto,stand,R3,1.2,1.1,1.2,
Auto_R3_10,Auto Stand R3-10,17.448699707510034,78.43916175873883,auto,stand,R3,1.2,1.1,1.2,
Auto_R3_11,Auto Stand R3-11,17.439941522018586,78.46808021292063,auto,stand,R3,1.2,1.1,1.2,
Auto_R3_12,Auto Stand R3-12,17.40126090218978,78.49427816190797,auto,stand,R3,1.2,1.1,1.2,
Auto_R3_13,Auto Stand R3-13,17.421869803698208,78.45572694720875,auto,stand,R3,1.2,1.1,1.2,
Auto_R3_14,Auto Stand R3-14,17.401773364499647,78.51122244674477,auto,stand,R3,1.2,1.1,1.2,
Auto_R3_15,Auto Stand R3-15,17.40527067772356,78.46194249229306,auto,stand,R3,1.2,1.1,1.2,
Auto_R3_16,Auto Stand R3-16,17.438793623667483,78.45653367807164,auto,stand,R3,1.2,1.1,1.2,
Auto_R3_17,Auto Stand R3-17,17.454964911778625,78.45090858033164,auto,stand,R3,1.2,1.1,1.2,
Auto_R3_18,Auto Stand R3-18,17.43471696822632,78.44091474239461,auto,stand,R3,1.2,1.1,1.2,
Auto_R3_19,Auto Stand R3-19,17.405161135280157,78.4689979040639,auto,stand,R3,1.2,1.1,1.2,
Auto_R3_20,Auto Stand R3-20,17.442061820342193,78.44019313622059,auto,stand,R3,1.2,1.1,1.2,
Auto_R3_21,Auto Stand R3-21,17.442076395717056,78.47667430303329,auto,stand,R3,1.2,1.1,1.2,
Auto_R3_22,Auto Stand R3-22,17.42313001224112,78.46305179659667,auto,stand,R3,1.2,1.1,1.2,
Auto_R3_23,Auto Stand R3-23,17.410808361036736,78.45965461276785,auto,stand,R3,1.2,1.1,1.2,
Auto_R3_24,Auto Stand R3-24,17.44502933027489,78.4667968404768,auto,stand,R3,1.2,1.1,1.2,
Auto_R3_25,Auto Stand R3-25,17.43437130106536,78.48805425894552,auto,stand,R3,1.2,1.1,1.2,
Auto_R3_26,Auto Stand R3-26,17.429266257222668,78.45219620169728,auto,stand,R3,1.2,1.1,1.2,
Auto_R3_27,Auto Stand R3-27,17.444859496111064,78.44560744909755,auto,stand,R3,1.2,1.1,1.2,
Auto_R3_28,Auto Stand R3-28,17.444765514269346,78.43684047614471,auto,stand,R3,1.2,1.1,1.2,
Auto_R3_29,Auto Stand R3-29,17.399821448357564,78.49827247364884,auto,stand,R3,1.2,1.1,1.2,
Auto_R3_30,Auto Stand R3-30,17.406156014248182,78.49498899198355,auto,stand,R3,1.2,1.1,1.2,
Auto_R3_31,Auto Stand R3-31,17.4172409577983,78.4955328292536,auto,stand,R3,1.2,1.1,1.2,
Auto_R3_32,Auto Stand R3-32,17.419805033932736,78.50055582636296,auto,stand,R3,1.2,1.1,1.2,
Auto_R3_33,Auto Stand R3-33,17.428823877853656,78.44624628002143,auto,stand,R3,1.2,1.1,1.2,
Auto_R3_34,Auto Stand R3-34,17.402496939627596,78.46262148707264,auto,stand,R3,1.2,1.1,1.2,
Auto_R3_35,Auto Stand R3-35,17.438390560322727,78.44042926831105,auto,stand,R3,1.2,1.1,1.2,
Auto_R3_36,Auto Stand R3-36,17.436695054614407,78.44888599833278,auto,stand,R3,1.2,1.1,1.2,
Auto_R3_37,Auto Stand R3-37,17.4022620205783,78.46588513596902,auto,stand,R3,1.2,1.1,1.2,
Auto_R3_38,Auto Stand R3-38,17.42192660663592,78.45856725816816,auto,stand,R3,1.2,1.1,1.2,
Auto_R3_39,Auto Stand R3-39,17.446735021000798,78.44171635651539,auto,stand,R3,1.2,1.1,1.2,
Auto_R3_40,Auto Stand R3-40,17.445382794800206,78.47446531888244,auto,stand,R3,1.2,1.1,1.2,
Auto_R3_41,Auto Stand R3-41,17.434425000898678,78.44343255398019,auto,stand,R3,1.2,1.1,1.2,
Auto_R3_42,Auto Stand R3-42,17.40600670436474,78.46459317762225,auto,stand,R3,1.2,1.1,1.2,
Auto_R3_43,Auto Stand R3-43,17.427098365218498,78.4546158389615,auto,stand,R3,1.2,1.1,1.2,
Auto_R3_44,Auto Stand R3-44,17.437589840212855,78.47810619062605,auto,stand,R3,1.2,1.1,1.2,
Auto_R3_45,Auto Stand R3-45,17.43574112189136,78.43854284080149,auto,stand,R3,1.2,1.1,1.2,
Auto_R3_46,Auto Stand R3-46,17.40908131585836,78.49777583162911,auto,stand,R3,1.2,1.1,1.2,
Auto_R3_47,Auto Stand R3-47,17.41635704560703,78.50036303432341,auto,stand,R3,1.2,1.1,1.2,
Auto_R3_48,Auto Stand R3-48,17.40268532693531,78.4692174676886,auto,stand,R3,1.2,1.1,1.2,
Auto_R3_49,Auto Stand R3-49,17.41317163407133,78.46404567163133,auto,stand,R3,1.2,1.1,1.2,
Auto_R3_50,Auto Stand R3-50,17.42628875512458,78.45149459846516,auto,stand,R3,1.2,1.1,1.2,
Auto_R3_51,Auto Stand R3-51,17.430783905936053,78.44945134069181,auto,stand,R3,1.2,1.1,1.2,
Auto_R3_52,Auto Stand R3-52,17.41896119929705,78.4565383405362,auto,stand,R3,1.2,1.1,1.2,
Auto_R3_53,Auto Stand R3-53,17.425256828971833,78.4861358148434,auto,stand,R3,1.2,1.1,1.2,
Auto_R3_54,Auto Stand R3-54,17.405186154937706,78.49749697593079,auto,stand,R3,1.2,1.1,1.2,
Auto_R3_55,Auto Stand R3-55,17.419161205101112,78.45356560883201,auto,stand,R3,1.2,1.1,1.2,
Auto_R3_56,Auto Stand R3-56,17.439810389134802,78.46003143266779,auto,stand,R3,1.2,1.1,1.2,
Auto_R3_57,Auto Stand R3-57,17.401414337879597,78.49002180687268,auto,stand,R3,1.2,1.1,1.2,
Auto_R3_58,Auto Stand R3-58,17.41541175747901,78.4575579513683,auto,stand,R3,1.2,1.1,1.2,
Auto_R3_59,Auto Stand R3-59,17.40845737437858,78.50093612181462,auto,stand,R3,1.2,1.1,1.2,
Auto_R3_60,Auto Stand R3-60,17.44743703329397,78.43699820533533,auto,stand,R3,1.2,1.1,1.2,
Auto_R3_61,Auto Stand R3-61,17.407566590400222,78.46261900751745,auto,stand,R3,1.2,1.1,1.2,
Auto_R3_62,Auto Stand R3-62,17.4409203762604,78.44162604503202,auto,stand,R3,1.2,1.1,1.2,
Auto_R3_63,Auto Stand R3-63,17.4115247860289,78.46165654385173,auto,stand,R3,1.2,1.1,1.2,
Auto_R3_64,Auto Stand R3-64,17.431825365236005,78.44475485955108,auto,stand,R3,1.2,1.1,1.2,
Auto_R3_65,Auto Stand R3-65,17.399357942435785,78.49291492728582,auto,stand,R3,1.2,1.1,1.2,
Auto_R3_66,Auto Stand R3-66,17.436644241208334,78.44678709641097,auto,stand,R3,1.2,1.1,1.2,
Auto_R3_67,Auto Stand R3-67,17.435903541643903,78.44437466532983,auto,stand,R3,1.2,1.1,1.2,
Auto_R3_68,Auto Stand R3-68,17.444279731144995,78.44189759765332,auto,stand,R3,1.2,1.1,1.2,
Auto_R4_1,Auto Stand R4-1,17.473759198839105,78.28676413080507,auto,stand,R4,1.3,1.2,1.2,
Auto_R4_2,Auto Stand R4-2,17.42928992408019,78.4137486554834,auto,stand,R4,1.3,1.2,1.2,
Auto_R4_3,Auto Stand R4-3,17.461729969387193,78.42778680875885,auto,stand,R4,1.3,1.2,1.2,
Auto_R4_4,Auto Stand R4-4,17.4470605320349,78.3830682263474,auto,stand,R4,1.3,1.2,1.2,
Auto_R4_5,Auto Stand R4-5,17.483986871199036,78.31791954045796,auto,stand,R4,1.3,1.2,1.2,
Auto_R4_6,Auto Stand R4-6,17.456359287730255,78.43568106249829,auto,stand,R4,1.3,1.2,1.2,
Auto_R4_7,Auto Stand R4-7,17.470666671079144,78.3864168136309,auto,stand,R4,1.3,1.2,1.2,
Auto_R4_8,Auto Stand R4-8,17.439832055879364,78.36113282919021,auto,stand,R4,1.3,1.2,1.2,
Auto_R4_9,Auto Stand R4-9,17.457680909609497,78.40773600163351,auto,stand,R4,1.3,1.2,1.2,
Auto_R4_10,Auto Stand R4-10,17.434977396269137,78.42670121613553,auto,stand,R4,1.3,1.2,1.2,
Auto_R4_11,Auto Stand R4-11,17.43560908078966,78.40036516823677,auto,stand,R4,1.3,1.2,1.2,
Auto_R4_12,Auto Stand R4-12,17.449945795296863,78.43761289571869,auto,stand,R4,1.3,1.2,1.2,
Auto_R4_13,Auto Stand R4-13,17.443891347082495,78.37676839144062,auto,stand,R4,1.3,1.2,1.2,
Auto_R4_14,Auto Stand R4-14,17.430591023492777,78.4091130049117,auto,stand,R4,1.3,1.2,1.2,
Auto_R4_15,Auto Stand R4-15,17.430138093772015,78.4230574981716,auto,stand,R4,1.3,1.2,1.2,
Auto_R4_16,Auto Stand R4-16,17.45881077049416,78.43256107348522,auto,stand,R4,1.3,1.2,1.2,
Auto_R4_17,Auto Stand R4-17,17.44108802492835,78.38571210231443,auto,stand,R4,1.3,1.2,1.2,
Auto_R4_18,Auto Stand R4-18,17.432380271921634,78.40660252315942,auto,stand,R4,1.3,1.2,1.2,
Auto_R4_19,Auto Stand R4-19,17.426548589078035,78.40838602015963,auto,stand,R4,1.3,1.2,1.2,
Auto_R4_20,Auto Stand R4-20,17.45515630699192,78.42867081978228,auto,stand,R4,1.3,1.2,1.2,
Auto_R4_21,Auto Stand R4-21,17.44438654662122,78.38610565582871,auto,stand,R4,1.3,1.2,1.2,
Auto_R4_22,Auto Stand R4-22,17.46336522419298,78.43178159848492,auto,stand,R4,1.3,1.2,1.2,
Auto_R4_23,Auto Stand R4-23,17.45466687128244,78.43359308163788,auto,stand,R4,1.3,1.2,1.2,
Auto_R4_24,Auto Stand R4-24,17.448183215751865,78.43461069236751,auto,stand,R4,1.3,1.2,1.2,
Auto_R4_25,Auto Stand R4-25,17.449888323479747,78.3808079163532,auto,stand,R4,1.3,1.2,1.2,
Auto_R4_26,Auto Stand R4-26,17.475800516977515,78.28551484268874,auto,stand,R4,1.3,1.2,1.2,
Auto_R4_27,Auto Stand R4-27,17.464197736608984,78.42586609966085,auto,stand,R4,1.3,1.2,1.2,
Auto_R4_28,Auto Stand R4-28,17.460547474700917,78.40739137288995,auto,stand,R4,1.3,1.2,1.2,
Auto_R4_29,Auto Stand R4-29,17.46001881963418,78.42978039440075,auto,stand,R4,1.3,1.2,1.2,
Auto_R4_30,Auto Stand R4-30,17.45886502824935,78.43535348910258,auto,stand,R4,1.3,1.2,1.2,
Auto_R4_31,Auto Stand R4-31,17.446268496087548,78.38048601741309,auto,stand,R4,1.3,1.2,1.2,
Auto_R4_32,Auto Stand R4-32,17.469260455478214,78.38459464341781,auto,stand,R4,1.3,1.2,1.2,
Auto_R4_33,Auto Stand R4-33,17.482221731343195,78.31645166450211,auto,stand,R4,1.3,1.2,1.2,
Auto_R4_34,Auto Stand R4-34,17.45152284328263,78.43927868646915,auto,stand,R4,1.3,1.2,1.2,
Auto_R4_35,Auto Stand R4-35,17.42713007480551,78.41411108296978,auto,stand,R4,1.3,1.2,1.2,
Auto_R4_36,Auto Stand R4-36,17.457937772215576,78.42921344676441,auto,stand,R4,1.3,1.2,1.2,
Auto_R4_37,Auto Stand R4-37,17.437615541204423,78.3997232518923,auto,stand,R4,1.3,1.2,1.2,
Auto_R4_38,Auto Stand R4-38,17.442124928345457,78.37617235435438,auto,stand,R4,1.3,1.2,1.2,
Auto_R4_39,Auto Stand R4-39,17.45703826015407,78.43227848811527,auto,stand,R4,1.3,1.2,1.2,
Auto_R4_40,Auto Stand R4-40,17.439339180499733,78.36276724331366,auto,stand,R4,1.3,1.2,1.2,
Auto_R4_41,Auto Stand R4-41,17.44961816880291,78.43514158991029,auto,stand,R4,1.3,1.2,1.2,
Auto_R4_42,Auto Stand R4-42,17.459378920983166,78.43312395282005,auto,stand,R4,1.3,1.2,1.2,
Auto_R4_43,Auto Stand R4-43,17.42500983043808,78.40855291034202,auto,stand,R4,1.3,1.2,1.2,
Auto_R4_44,Auto Stand R4-44,17.455768169544477,78.43379340753152,auto,stand,R4,1.3,1.2,1.2,
Auto_R4_45,Auto Stand R4-45,17.461735260690354,78.43188979530224,auto,stand,R4,1.3,1.2,1.2,
Auto_R4_46,Auto Stand R4-46,17.44803018072471,78.38356203188641,auto,stand,R4,1.3,1.2,1.2,
Auto_R4_47,Auto Stand R4-47,17.453906765381557,78.43437076418044,auto,stand,R4,1.3,1.2,1.2,
Auto_R4_48,Auto Stand R4-48,17.455146367028206,78.43461821080398,auto,stand,R4,1.3,1.2,1.2,
Auto_R4_49,Auto Stand R4-49,17.43560222455823,78.4258791240698,auto,stand,R4,1.3,1.2,1.2,
Auto_R4_50,Auto Stand R4-50,17.459447762545455,78.43384918805155,auto,stand,R4,1.3,1.2,1.2,
Auto_R4_51,Auto Stand R4-51,17.456140396675828,78.43608651295837,auto,stand,R4,1.3,1.2,1.2,
Auto_R4_52,Auto Stand R4-52,17.43029920876987,78.42273880938514,auto,stand,R4,1.3,1.2,1.2,
Auto_R5_1,Auto Stand R5-1,17.48729120043974,78.3336843287534,auto,stand,R5,1.1,1.0,1.1,
Auto_R5_2,Auto Stand R5-2,17.4940003541116,78.40282046144333,auto,stand,R5,1.1,1.0,1.1,
Auto_R5_3,Auto Stand R5-3,17.612242642344743,78.46918828815151,auto,stand,R5,1.1,1.0,1.1,
Auto_R5_4,Auto Stand R5-4,17.469773386295138,78.42617734847434,auto,stand,R5,1.1,1.0,1.1,
Auto_R5_5,Auto Stand R5-5,17.502567309506777,78.28056243632108,auto,stand,R5,1.1,1.0,1.1,
Auto_R5_6,Auto Stand R5-6,17.49525019029531,78.37735674888147,auto,stand,R5,1.1,1.0,1.1,
Auto_R5_7,Auto Stand R5-7,17.569686042728016,78.48769261164156,auto,stand,R5,1.1,1.0,1.1,
Auto_R5_8,Auto Stand R5-8,17.48343207603166,78.4123180331007,auto,stand,R5,1.1,1.0,1.1,
Auto_R5_9,Auto Stand R5-9,17.499143351292396,78.38617003015797,auto,stand,R5,1.1,1.0,1.1,
Auto_R5_10,Auto Stand R5-10,17.63842505512206,78.47439955452595,auto,stand,R5,1.1,1.0,1.1,
Auto_R5_11,Auto Stand R5-11,17.482528087610795,78.36420725664551,auto,stand,R5,1.1,1.0,1.1,
Auto_R5_12,Auto Stand R5-12,17.477861775482758,78.4215034891736,auto,stand,R5,1.1,1.0,1.1,
Auto_R5_13,Auto Stand R5-13,17.465513036053473,78.4319350888374,auto,stand,R5,1.1,1.0,1.1,
Auto_R5_14,Auto Stand R5-14,17.47446386289714,78.42695127863959,auto,stand,R5,1.1,1.0,1.1,
Auto_R5_15,Auto Stand R5-15,17.49537251989348,78.36874023668518,auto,stand,R5,1.1,1.0,1.1,
Auto_R5_16,Auto Stand R5-16,17.50304154698974,78.3882650347999,auto,stand,R5,1.1,1.0,1.1,
Auto_R5_17,Auto Stand R5-17,17.486489722610454,78.4101497676855,auto,stand,R5,1.1,1.0,1.1,
Auto_R5_18,Auto Stand R5-18,17.511820693255824,78.28354687810487,auto,stand,R5,1.1,1.0,1.1,
Auto_R5_19,Auto Stand R5-19,17.499805659231072,78.37140636254821,auto,stand,R5,1.1,1.0,1.1,
Auto_R5_20,Auto Stand R5-20,17.474523599947766,78.42360428023349,auto,stand,R5,1.1,1.0,1.1,
Auto_R5_21,Auto Stand R5-21,17.497510805590096,78.38921792460488,auto,stand,R5,1.1,1.0,1.1,
Auto_R5_22,Auto Stand R5-22,17.481172023051982,78.42298044146129,auto,stand,R5,1.1,1.0,1.1,
Auto_R5_23,Auto Stand R5-23,17.49632048390672,78.40007136913668,auto,stand,R5,1.1,1.0,1.1,
Auto_R5_24,Auto Stand R5-24,17.49210854996351,78.37385163564923,auto,stand,R5,1.1,1.0,1.1,
Auto_R5_25,Auto Stand R5-25,17.477383298045467,78.42560998702828,auto,stand,R5,1.1,1.0,1.1,
Auto_R5_26,Auto Stand R5-26,17.488299674119585,78.41231480150104,auto,stand,R5,1.1,1.0,1.1,
Auto_R5_27,Auto Stand R5-27,17.49092597098728,78.40242748320165,auto,stand,R5,1.1,1.0,1.1,
Auto_R5_28,Auto Stand R5-28,17.49657705080883,78.37379471811789,auto,stand,R5,1.1,1.0,1.1,
Auto_R5_29,Auto Stand R5-29,17.47534369889765,78.42057084781402,auto,stand,R5,1.1,1.0,1.1,
Auto_R5_30,Auto Stand R5-30,17.5095832326186,78.28125756334966,auto,stand,R5,1.1,1.0,1.1,
Auto_R5_31,Auto Stand R5-31,17.47341487024162,78.43078942018747,auto,stand,R5,1.1,1.0,1.1,
Auto_R5_32,Auto Stand R5-32,17.47142829795935,78.42430299672334,auto,stand,R5,1.1,1.0,1.1,
Auto_R5_33,Auto Stand R5-33,17.464626143744876,78.43529761969053,auto,stand,R5,1.1,1.0,1.1,
Auto_R5_34,Auto Stand R5-34,17.50029741791721,78.39129281390609,auto,stand,R5,1.1,1.0,1.1,
Auto_R5_35,Auto Stand R5-35,17.49513509630122,78.38818350891644,auto,stand,R5,1.1,1.0,1.1,
Auto_R5_36,Auto Stand R5-36,17.46752426129923,78.42886599735229,auto,stand,R5,1.1,1.0,1.1,
Auto_R5_37,Auto Stand R5-37,17.492691582051446,78.40590039006642,auto,stand,R5,1.1,1.0,1.1,
Auto_R5_38,Auto Stand R5-38,17.486202917992227,78.41473796891279,auto,stand,R5,1.1,1.0,1.1,
Auto_R5_39,Auto Stand R5-39,17.494067804198533,78.40109498302492,auto,stand,R5,1.1,1.0,1.1,
Auto_R5_40,Auto Stand R5-40,17.463103668994727,78.42981314617313,auto,stand,R5,1.1,1.0,1.1,
Auto_R5_41,Auto Stand R5-41,17.483809133359976,78.40985679589446,auto,stand,R5,1.1,1.0,1.1,
Auto_R5_42,Auto Stand R5-42,17.472737899597934,78.4259702332812,auto,stand,R5,1.1,1.0,1.1,
Auto_R5_43,Auto Stand R5-43,17.471478841490317,78.42113579859213,auto,stand,R5,1.1,1.0,1.1,
Auto_R5_44,Auto Stand R5-44,17.49351611892891,78.39815000325923,auto,stand,R5,1.1,1.0,1.1,
Auto_R5_45,Auto Stand R5-45,17.64165430521332,78.47478956890784,auto,stand,R5,1.1,1.0,1.1,
Auto_R5_46,Auto Stand R5-46,17.60984639494424,78.46665328608972,auto,stand,R5,1.1,1.0,1.1,
Auto_R5_47,Auto Stand R5-47,17.462717780893392,78.43256473908872,auto,stand,R5,1.1,1.0,1.1,
Auto_R5_48,Auto Stand R5-48,17.467486137136376,78.42577301614898,auto,stand,R5,1.1,1.0,1.1,
Auto_R6_1,Auto Stand R6-1,17.389195137141687,78.55700837358799,auto,stand,R6,0.9,1.0,1.0,
Auto_R6_2,Auto Stand R6-2,17.41332037433637,78.54203523652225,auto,stand,R6,0.9,1.0,1.0,
Auto_R6_3,Auto Stand R6-3,17.479320635669467,78.56979452989708,auto,stand,R6,0.9,1.0,1.0,
Auto_R6_4,Auto Stand R6-4,17.457926590658573,78.60717556495968,auto,stand,R6,0.9,1.0,1.0,
Auto_R6_5,Auto Stand R6-5,17.406690894656464,78.55758720229838,auto,stand,R6,0.9,1.0,1.0,
Auto_R6_6,Auto Stand R6-6,17.421931503055923,78.53610402003603,auto,stand,R6,0.9,1.0,1.0,
Auto_R6_7,Auto Stand R6-7,17.401661993092645,78.56090595274028,auto,stand,R6,0.9,1.0,1.0,
Auto_R6_8,Auto Stand R6-8,17.4200030633041,78.54219644606367,auto,stand,R6,0.9,1.0,1.0,
Auto_R6_9,Auto Stand R6-9,17.413481705907067,78.54981365101327,auto,stand,R6,0.9,1.0,1.0,
Auto_R6_10,Auto Stand R6-10,17.42320610477465,78.52945361261764,auto,stand,R6,0.9,1.0,1.0,
Auto_R6_11,Auto Stand R6-11,17.394352181011307,78.55971800953057,auto,stand,R6,0.9,1.0,1.0,
Auto_R6_12,Auto Stand R6-12,17.40670741744887,78.55023822426674,auto,stand,R6,0.9,1.0,1.0,
Auto_R6_13,Auto Stand R6-13,17.390830293217824,78.56007288251467,auto,stand,R6,0.9,1.0,1.0,
Auto_R6_14,Auto Stand R6-14,17.403561983536072,78.55498066780895,auto,stand,R6,0.9,1.0,1.0,
Auto_R6_15,Auto Stand R6-15,17.425062087076718,78.53160947569455,auto,stand,R6,0.9,1.0,1.0,
Auto_R6_16,Auto Stand R6-16,17.41143588817054,78.54587738607768,auto,stand,R6,0.9,1.0,1.0,
Auto_R6_17,Auto Stand R6-17,17.4016871159778,78.56509448378587,auto,stand,R6,0.9,1.0,1.0,
Auto_R6_18,Auto Stand R6-18,17.41036953904394,78.55488742440718,auto,stand,R6,0.9,1.0,1.0,
Auto_R6_19,Auto Stand R6-19,17.39917591385432,78.55742877691088,auto,stand,R6,0.9,1.0,1.0,
Auto_R6_20,Auto Stand R6-20,17.417308487383213,78.54004497470153,auto,stand,R6,0.9,1.0,1.0,
Auto_R6_21,Auto Stand R6-21,17.392390964951034,78.55688578102135,auto,stand,R6,0.9,1.0,1.0,
Auto_R6_22,Auto Stand R6-22,17.428617286153823,78.53474288204225,auto,stand,R6,0.9,1.0,1.0,
Auto_R6_23,Auto Stand R6-23,17.405705110906304,78.56105852260984,auto,stand,R6,0.9,1.0,1.0,
Auto_R6_24,Auto Stand R6-24,17.419022235722576,78.54529470944514,auto,stand,R6,0.9,1.0,1.0,
Auto_R6_25,Auto Stand R6-25,17.398905432153686,78.5613957343782,auto,stand,R6,0.9,1.0,1.0,
Auto_R6_26,Auto Stand R6-26,17.38889908320917,78.56378555999288,auto,stand,R6,0.9,1.0,1.0,
Auto_R6_27,Auto Stand R6-27,17.421631444298978,78.54240047651503,auto,stand,R6,0.9,1.0,1.0,
Auto_R6_28,Auto Stand R6-28,17.420690370884497,78.53951223557387,auto,stand,R6,0.9,1.0,1.0,
Auto_R6_29,Auto Stand R6-29,17.39722744831335,78.55881171429482,auto,stand,R6,0.9,1.0,1.0,
Auto_R6_30,Auto Stand R6-30,17.459573373225748,78.60501686391429,auto,stand,R6,0.9,1.0,1.0,
Auto_R6_31,Auto Stand R6-31,17.416489190040416,78.54455876760619,auto,stand,R6,0.9,1.0,1.0,
Auto_R6_32,Auto Stand R6-32,17.413089641173098,78.54789698843129,auto,stand,R6,0.9,1.0,1.0,
Auto_R6_33,Auto Stand R6-33,17.42339860619392,78.53860814869928,auto,stand,R6,0.9,1.0,1.0,
Auto_R6_34,Auto Stand R6-34,17.42044624851183,78.53711749940152,auto,stand,R6,0.9,1.0,1.0,
Auto_R6_35,Auto Stand R6-35,17.407441608699685,78.55576649728252,auto,stand,R6,0.9,1.0,1.0,
Auto_R6_36,Auto Stand R6-36,17.389219131139775,78.55902400138328,auto,stand,R6,0.9,1.0,1.0,
Auto_R6_37,Auto Stand R6-37,17.400765583771634,78.55864193648452,auto,stand,R6,0.9,1.0,1.0,
Auto_R6_38,Auto Stand R6-38,17.418198546883172,78.53784495023831,auto,stand,R6,0.9,1.0,1.0,
Auto_R6_39,Auto Stand R6-39,17.415683599966634,78.54167040882511,auto,stand,R6,0.9,1.0,1.0,
Auto_R6_40,Auto Stand R6-40,17.4080331453476,78.55202999914393,auto,stand,R6,0.9,1.0,1.0,
Auto_R7_1,Auto Stand R7-1,17.362016788943695,78.54850771695214,auto,stand,R7,0.8,1.0,1.0,
Auto_R7_2,Auto Stand R7-2,17.370893267372793,78.52479214826795,auto,stand,R7,0.8,1.0,1.0,
Auto_R7_3,Auto Stand R7-3,17.34738151033617,78.54989823381246,auto,stand,R7,0.8,1.0,1.0,
Auto_R7_4,Auto Stand R7-4,17.367180507842015,78.53656380079168,auto,stand,R7,0.8,1.0,1.0,
Auto_R7_5,Auto Stand R7-5,17.363534117049788,78.54256329115005,auto,stand,R7,0.8,1.0,1.0,
Auto_R7_6,Auto Stand R7-6,17.367481757299313,78.52316372829428,auto,stand,R7,0.8,1.0,1.0,
Auto_R7_7,Auto Stand R7-7,17.350742234399974,78.54516369408827,auto,stand,R7,0.8,1.0,1.0,
Auto_R7_8,Auto Stand R7-8,17.350304980305395,78.553957236625,auto,stand,R7,0.8,1.0,1.0,
Auto_R7_9,Auto Stand R7-9,17.366948122910937,78.5294681392337,auto,stand,R7,0.8,1.0,1.0,
Auto_R7_10,Auto Stand R7-10,17.35788085952181,78.5440085453852,auto,stand,R7,0.8,1.0,1.0,
Auto_R7_11,Auto Stand R7-11,17.369663705564378,78.53795048782189,auto,stand,R7,0.8,1.0,1.0,
Auto_R7_12,Auto Stand R7-12,17.369447432957422,78.54132721022773,auto,stand,R7,0.8,1.0,1.0,
Auto_R7_13,Auto Stand R7-13,17.368582403001227,78.52686165398313,auto,stand,R7,0.8,1.0,1.0,
Auto_R7_14,Auto Stand R7-14,17.36071961943201,78.53942021748257,auto,stand,R7,0.8,1.0,1.0,
Auto_R7_15,Auto Stand R7-15,17.350774468011505,78.55095241157656,auto,stand,R7,0.8,1.0,1.0,
Auto_R7_16,Auto Stand R7-16,17.36415838523868,78.52579306475694,auto,stand,R7,0.8,1.0,1.0,
Auto_R7_17,Auto Stand R7-17,17.34809660197386,78.54698574155651,auto,stand,R7,0.8,1.0,1.0,
Auto_R7_18,Auto Stand R7-18,17.360586959222097,78.54448249447196,auto,stand,R7,0.8,1.0,1.0,
Auto_R7_19,Auto Stand R7-19,17.36533828708638,78.53953172002323,auto,stand,R7,0.8,1.0,1.0,
Auto_R7_20,Auto Stand R7-20,17.352212463427755,78.54723137070712,auto,stand,R7,0.8,1.0,1.0,
Auto_R7_21,Auto Stand R7-21,17.36985697733378,78.53500610152625,auto,stand,R7,0.8,1.0,1.0,
Auto_R7_22,Auto Stand R7-22,17.373417563233193,78.52420671803583,auto,stand,R7,0.8,1.0,1.0,
Auto_R7_23,Auto Stand R7-23,17.365683038412513,78.54324493995236,auto,stand,R7,0.8,1.0,1.0,
Auto_R7_24,Auto Stand R7-24,17.36810807334421,78.52533550736271,auto,stand,R7,0.8,1.0,1.0,
Auto_R7_25,Auto Stand R7-25,17.345619744291508,78.54705475161944,auto,stand,R7,0.8,1.0,1.0,
Auto_R7_26,Auto Stand R7-26,17.349405864062664,78.54935673383766,auto,stand,R7,0.8,1.0,1.0,
Auto_R7_27,Auto Stand R7-27,17.361430200625378,78.54681411531917,auto,stand,R7,0.8,1.0,1.0,
Auto_R7_28,Auto Stand R7-28,17.366361326348045,78.52675638658019,auto,stand,R7,0.8,1.0,1.0,
Auto_R7_29,Auto Stand R7-29,17.351340877609573,78.549714337477,auto,stand,R7,0.8,1.0,1.0,
Auto_R7_30,Auto Stand R7-30,17.361799594584927,78.54220974747889,auto,stand,R7,0.8,1.0,1.0,
Auto_R7_31,Auto Stand R7-31,17.366675993017793,78.52222575136467,auto,stand,R7,0.8,1.0,1.0,
Auto_R7_32,Auto Stand R7-32,17.360677033615367,78.54586718200609,auto,stand,R7,0.8,1.0,1.0,
Auto_R7_33,Auto Stand R7-33,17.351375929881357,78.55278771448734,auto,stand,R7,0.8,1.0,1.0,
Auto_R7_34,Auto Stand R7-34,17.366909997258396,78.52402216256569,auto,stand,R7,0.8,1.0,1.0,
Auto_R7_35,Auto Stand R7-35,17.36991737695337,78.52529514951674,auto,stand,R7,0.8,1.0,1.0,
Auto_R7_36,Auto Stand R7-36,17.36401938791846,78.5435426160755,auto,stand,R7,0.8,1.0,1.0,
